体裁,播放量,完播率,5s完播率,封面点击率,2s跳出率,平均播放时长,点赞量,分享量,评论量,收藏量,主页访问量,粉丝增量,发布小时,发布时段,点赞率,评论率,转发率,收藏率,粉播比,是否爆款
1min-视频,544,0.060729,0.233161,,0.533679,5.340242,22,1,7,4,0,0,13,下午(12-18点),0.04044117647058824,0.012867647058823529,0.001838235294117647,0.007352941176470588,0.0,0
1-3min视频,1219,0.075523,0.336026,,0.414378,13.046042,103,3,2,17,0,0,8,上午(6-12点),0.0844954881050041,0.0016406890894175555,0.002461033634126333,0.01394585726004922,0.0,0
3-5min视频,1404,0.042079,0.414548,0.72,0.391949,19.406338,109,7,1,30,5,2,22,晚上(18-24点),0.07763532763532764,0.0007122507122507123,0.004985754985754986,0.021367521367521368,0.0014245014245014246,0
5min+视频,973,0.025219,0.334562,0.375,0.44424,26.074654,95,1,2,18,11,2,8,上午(6-12点),0.09763617677286741,0.0020554984583761563,0.0010277492291880781,0.018499486125385406,0.0020554984583761563,0
5min+视频,630,0.019366,0.32,0.983333,0.417931,25.017931,50,1,0,11,2,0,19,晚上(18-24点),0.07936507936507936,0.0,0.0015873015873015873,0.01746031746031746,0.0,0
1-3min视频,741,0.050633,0.252014,,0.56847,11.509759,48,3,2,13,5,0,12,下午(12-18点),0.06477732793522267,0.002699055330634278,0.004048582995951417,0.017543859649122806,0.0,0
1-3min视频,1215,0.055399,0.358871,,0.457258,17.295161,96,12,9,22,14,1,12,下午(12-18点),0.07901234567901234,0.007407407407407408,0.009876543209876543,0.01810699588477366,0.0008230452674897119,0
5min+视频,933,0.016185,0.33139,0.378641,0.415938,23.482558,26,2,1,7,15,0,12,下午(12-18点),0.027867095391211148,0.0010718113612004287,0.0021436227224008574,0.007502679528403001,0.0,0
1-3min视频,2011,0.049676,0.373197,,0.373662,18.677509,129,8,3,35,17,1,12,下午(12-18点),0.06414719045251119,0.0014917951268025858,0.003978120338140228,0.0174042764793635,0.0004972650422675286,0
1-3min视频,587,0.059701,0.333333,,0.432971,19.063177,39,0,3,7,3,1,13,下午(12-18点),0.06643952299829642,0.005110732538330494,0.0,0.01192504258943782,0.0017035775127768314,0
1-3min视频,28982,0.077076,0.513706,,0.33718,31.703327,904,201,259,208,308,13,12,下午(12-18点),0.031191774204678765,0.008936581326340487,0.006935339176040301,0.00717686840107653,0.0004485542750672831,1
1-3min视频,2036,0.04226,0.451167,,0.356525,16.181544,114,7,4,22,20,0,20,晚上(18-24点),0.055992141453831044,0.0019646365422396855,0.00343811394891945,0.010805500982318271,0.0,0
1-3min视频,1608,0.066172,0.310884,,0.490679,17.098439,107,4,3,27,11,0,12,下午(12-18点),0.06654228855721393,0.0018656716417910447,0.0024875621890547263,0.016791044776119403,0.0,0
1-3min视频,902,0.043321,0.285558,,0.461707,9.668122,68,0,3,17,10,1,10,上午(6-12点),0.07538802660753881,0.0033259423503325942,0.0,0.018847006651884702,0.0011086474501108647,0
3-5min视频,2145,0.059694,0.390977,0.214612,0.418399,23.0194,123,8,1,39,12,0,10,上午(6-12点),0.057342657342657345,0.0004662004662004662,0.0037296037296037296,0.01818181818181818,0.0,0
1min-视频,1545,0.120777,0.388153,,0.442712,11.722741,101,0,0,36,11,0,11,上午(6-12点),0.06537216828478964,0.0,0.0,0.02330097087378641,0.0,0
1-3min视频,2134,0.089882,0.42563,,0.344538,28.430306,143,12,2,33,22,1,11,上午(6-12点),0.06701030927835051,0.0009372071227741331,0.005623242736644799,0.015463917525773196,0.00046860356138706655,0
3-5min视频,8200,0.078871,0.501122,0.246407,0.331136,37.073317,506,73,10,163,96,6,21,晚上(18-24点),0.06170731707317073,0.0012195121951219512,0.008902439024390243,0.019878048780487805,0.0007317073170731707,0
5min+视频,9383,0.049237,0.456234,0.205882,0.275948,68.466261,585,49,45,186,302,20,22,晚上(18-24点),0.06234679739955238,0.00479590749227326,0.005222210380475328,0.019823084301396142,0.0021315144410103378,0
1-3min视频,1841,0.0717,0.333333,,0.431229,12.007314,132,8,5,32,25,3,23,晚上(18-24点),0.07170016295491581,0.0027159152634437804,0.0043454644215100485,0.017381857686040194,0.0016295491580662683,0
3-5min视频,1064,0.078125,0.372206,0.696,0.457726,29.38308,81,2,0,27,11,1,13,下午(12-18点),0.07612781954887218,0.0,0.0018796992481203006,0.02537593984962406,0.0009398496240601503,0
5min+视频,536,0.085595,0.421329,0.626667,0.407343,76.975042,33,1,0,12,14,1,12,下午(12-18点),0.061567164179104475,0.0,0.0018656716417910447,0.022388059701492536,0.0018656716417910447,0
1-3min视频,2084,0.087119,0.350021,,0.473943,21.113701,164,17,2,48,18,3,11,上午(6-12点),0.07869481765834933,0.0009596928982725527,0.008157389635316698,0.023032629558541268,0.0014395393474088292,0
5min+视频,24134,0.03847,0.543136,0.196145,0.306583,79.412425,753,92,32,247,767,20,11,上午(6-12点),0.031200795558133754,0.0013259302229220186,0.003812049390900804,0.010234523908179333,0.0008287063893262617,0
5min+视频,3317,0.058619,0.418432,0.368192,0.370181,34.122454,218,15,7,64,39,3,10,上午(6-12点),0.06572203798613205,0.0021103406692794696,0.004522158577027435,0.01929454326198372,0.0009044317154054868,0
5min+视频,13440,0.054069,0.558484,0.148077,0.292809,81.803257,772,72,24,270,314,17,10,上午(6-12点),0.05744047619047619,0.0017857142857142857,0.005357142857142857,0.020089285714285716,0.0012648809523809524,0
1min-视频,13133,0.226153,0.530548,,0.33232,14.381305,659,136,4,116,118,7,10,上午(6-12点),0.05017893855173989,0.000304576258280667,0.010355592781542678,0.008832711490139344,0.0005330084519911673,0
5min+视频,1336,0.034433,0.352139,0.329545,0.422815,27.257267,64,3,1,15,10,1,8,上午(6-12点),0.04790419161676647,0.0007485029940119761,0.002245508982035928,0.01122754491017964,0.0007485029940119761,0
1-3min视频,835,0.042431,0.337297,,0.422703,15.395901,44,2,3,2,3,0,12,下午(12-18点),0.05269461077844311,0.003592814371257485,0.0023952095808383233,0.0023952095808383233,0.0,0
5min+视频,1366,0.071958,0.401424,0.384615,0.41402,50.896061,75,6,4,28,13,0,11,上午(6-12点),0.05490483162518302,0.0029282576866764276,0.004392386530014641,0.020497803806734993,0.0,0
1-3min视频,836,0.09371,0.425754,,0.415313,17.912037,30,1,1,5,8,0,11,上午(6-12点),0.03588516746411483,0.0011961722488038277,0.0011961722488038277,0.005980861244019139,0.0,0
1-3min视频,1816,0.048299,0.266628,,0.467317,9.053622,60,2,5,3,104,1,18,晚上(18-24点),0.03303964757709251,0.0027533039647577094,0.0011013215859030838,0.0016519823788546256,0.0005506607929515419,0
1-3min视频,1066,0.099897,0.372263,,0.408759,19.176524,49,1,0,13,11,1,20,晚上(18-24点),0.04596622889305816,0.0,0.0009380863039399625,0.012195121951219513,0.0009380863039399625,0
3-5min视频,6634,0.0587,0.459098,0.24632,0.366766,29.612288,497,79,15,194,63,17,19,晚上(18-24点),0.07491709375942117,0.0022610792885137173,0.011908350919505577,0.029243292131444075,0.0025625565269822128,0
1-3min视频,6656,0.133951,0.498785,,0.339964,20.933899,358,31,8,110,38,5,13,下午(12-18点),0.053786057692307696,0.001201923076923077,0.004657451923076923,0.016526442307692308,0.0007512019230769231,0
1-3min视频,57429,0.143555,0.493879,,0.335867,24.877391,5448,1011,193,1563,1918,198,23,晚上(18-24点),0.0948649636943008,0.00336067143777534,0.017604346236222118,0.02721621480436713,0.0034477354646607113,1
3-5min视频,65520,0.056092,0.544426,0.09283,0.304154,31.756648,3947,869,217,1444,1206,133,11,上午(6-12点),0.06024114774114774,0.003311965811965812,0.013263125763125763,0.02203907203907204,0.00202991452991453,1
1-3min视频,1566,0.089849,0.32254,,0.473848,15.00062,81,8,3,21,17,2,17,下午(12-18点),0.05172413793103448,0.0019157088122605363,0.005108556832694764,0.013409961685823755,0.001277139208173691,0
1min-视频,1126,0.097222,0.333333,,0.409722,10.43054,67,7,0,14,5,2,12,下午(12-18点),0.05950266429840142,0.0,0.006216696269982238,0.012433392539964476,0.0017761989342806395,0
1-3min视频,10670,0.106444,0.470189,,0.366457,29.054054,269,53,7,72,23,0,23,晚上(18-24点),0.02521087160262418,0.0006560449859418932,0.004967197750702906,0.006747891283973758,0.0,0
1-3min视频,12251,0.067247,0.42963,,0.347532,22.133577,735,182,15,215,425,12,14,下午(12-18点),0.05999510244061709,0.0012243898457268794,0.014855930128152804,0.017549587788751937,0.0009795118765815035,0
1-3min视频,882,0.047409,0.374582,,0.344482,11.09867,24,1,0,8,9,1,13,下午(12-18点),0.027210884353741496,0.0,0.0011337868480725624,0.009070294784580499,0.0011337868480725624,0
5min+视频,907,0.064442,0.438356,0.217441,0.38454,39.191448,60,4,0,12,8,5,13,下午(12-18点),0.06615214994487321,0.0,0.004410143329658214,0.013230429988974642,0.005512679162072767,0
1min-视频,2721,0.125215,0.356069,,0.386513,9.004617,193,22,4,74,32,3,12,下午(12-18点),0.07092980521866961,0.001470047776552738,0.00808526277104006,0.02719588386622565,0.0011025358324145535,0
3-5min视频,1771,0.03373,0.333522,0.196429,0.443754,15.808451,134,10,1,49,9,1,12,下午(12-18点),0.0756634669678148,0.000564652738565782,0.00564652738565782,0.02766798418972332,0.000564652738565782,0
5min+视频,1176,0.026151,0.407672,0.209016,0.445138,23.468806,69,1,1,17,6,0,12,下午(12-18点),0.058673469387755105,0.0008503401360544217,0.0008503401360544217,0.01445578231292517,0.0,0
5min+视频,760,0.054305,0.382703,0.385827,0.354595,26.674544,26,1,1,7,11,1,11,上午(6-12点),0.034210526315789476,0.0013157894736842105,0.0013157894736842105,0.009210526315789473,0.0013157894736842105,0
5min+视频,895,0.034637,0.340102,0.132404,0.417259,34.386707,27,1,0,7,10,1,15,下午(12-18点),0.030167597765363128,0.0,0.0011173184357541898,0.00782122905027933,0.0011173184357541898,0
5min+视频,585,0.063655,0.379817,0.099626,0.416514,64.990876,20,1,0,5,6,1,15,下午(12-18点),0.03418803418803419,0.0,0.0017094017094017094,0.008547008547008548,0.0017094017094017094,0
3-5min视频,503,0.065476,0.294326,0.188172,0.54078,18.351064,26,0,0,6,3,0,15,下午(12-18点),0.05168986083499006,0.0,0.0,0.011928429423459244,0.0,0
3-5min视频,828,0.033877,0.29955,0.138138,0.512387,16.821948,52,3,0,8,7,1,14,下午(12-18点),0.06280193236714976,0.0,0.0036231884057971015,0.00966183574879227,0.0012077294685990338,0
1-3min视频,1035,0.050205,0.288089,,0.448753,11.645488,64,3,2,11,11,1,12,下午(12-18点),0.06183574879227053,0.001932367149758454,0.002898550724637681,0.010628019323671498,0.000966183574879227,0
1-3min视频,878,0.045238,0.41413,,0.447826,19.055375,40,2,0,4,4,1,15,下午(12-18点),0.04555808656036447,0.0,0.002277904328018223,0.004555808656036446,0.0011389521640091116,0
3-5min视频,404,0.044944,0.283582,0.081315,0.527363,18.348259,17,1,1,5,8,0,14,下午(12-18点),0.04207920792079208,0.0024752475247524753,0.0024752475247524753,0.012376237623762377,0.0,0
1-3min视频,540,0.05814,0.293403,,0.491319,13.0,28,1,0,4,3,0,14,下午(12-18点),0.05185185185185185,0.0,0.001851851851851852,0.007407407407407408,0.0,0
3-5min视频,226,0.1,0.302128,0.155039,0.553191,23.355932,9,1,0,1,0,0,14,下午(12-18点),0.03982300884955752,0.0,0.004424778761061947,0.004424778761061947,0.0,0
5min+视频,1965,0.020408,0.536882,0.350282,0.28403,25.800604,45,2,0,16,82,0,13,下午(12-18点),0.022900763358778626,0.0,0.0010178117048346056,0.008142493638676845,0.0,0
1-3min视频,248877,0.01632,0.309462,,0.444597,9.690434,3890,196,390,451,15171,424,12,下午(12-18点),0.01563021090739602,0.0015670391398160538,0.0007875376189844783,0.0018121401334795903,0.001703652808415402,1
1-3min视频,932,0.082393,0.408046,,0.37931,21.068966,49,2,4,5,48,0,12,下午(12-18点),0.05257510729613734,0.004291845493562232,0.002145922746781116,0.00536480686695279,0.0,0
1-3min视频,667,0.038095,0.324365,,0.457399,11.034328,14,0,1,4,2,0,11,上午(6-12点),0.020989505247376312,0.0014992503748125937,0.0,0.005997001499250375,0.0,0
5min+视频,67597,0.051344,0.566521,0.10819,0.263284,67.191048,1351,306,80,307,8503,43,15,下午(12-18点),0.019986094057428586,0.0011834844741630546,0.004526828113673683,0.004541621669600722,0.0006361229048626419,1
1min-视频,1324,0.068027,0.25501,,0.474084,6.174931,50,5,0,9,18,2,14,下午(12-18点),0.0377643504531722,0.0,0.0037764350453172208,0.006797583081570997,0.0015105740181268882,0
5min+视频,25054,0.062615,0.534225,0.05446,0.331543,36.769568,1776,238,45,623,442,35,16,下午(12-18点),0.07088688432984754,0.001796120379979245,0.009499481120779116,0.0248662888161571,0.001396982517761635,1
5min+视频,500,0.115196,0.435644,0.10537,0.362376,59.246063,23,1,0,11,8,0,16,下午(12-18点),0.046,0.0,0.002,0.022,0.0,0
1-3min视频,776,0.129979,0.414773,,0.422348,43.468045,48,3,0,11,0,1,15,下午(12-18点),0.061855670103092786,0.0,0.003865979381443299,0.014175257731958763,0.001288659793814433,0
5min+视频,727,0.097884,0.341053,0.354286,0.456842,51.086777,43,0,0,15,5,0,14,下午(12-18点),0.059147180192572216,0.0,0.0,0.02063273727647868,0.0,0
5min+视频,1148,0.058501,0.420855,0.292994,0.334584,39.669385,64,6,2,20,37,0,18,晚上(18-24点),0.05574912891986063,0.0017421602787456446,0.005226480836236934,0.017421602787456445,0.0,0
5min+视频,1021,0.089474,0.361158,0.350365,0.430153,38.902211,65,7,3,24,16,3,17,下午(12-18点),0.06366307541625857,0.002938295788442703,0.0068560235063663075,0.023506366307541625,0.002938295788442703,0
1-3min视频,668,0.061824,0.304,,0.564,12.683511,45,3,0,5,13,2,16,下午(12-18点),0.06736526946107785,0.0,0.004491017964071856,0.0074850299401197605,0.0029940119760479044,0
3-5min视频,306,0.086022,0.361022,0.274336,0.440895,28.648734,14,0,0,3,5,0,13,下午(12-18点),0.0457516339869281,0.0,0.0,0.00980392156862745,0.0,0
5min+视频,458,0.06772,0.273092,0.333333,0.502008,30.517034,23,0,1,9,4,0,21,晚上(18-24点),0.05021834061135371,0.002183406113537118,0.0,0.019650655021834062,0.0,0
1-3min视频,482,0.073903,0.227273,,0.597403,10.203863,17,0,1,2,9,0,20,晚上(18-24点),0.035269709543568464,0.002074688796680498,0.0,0.004149377593360996,0.0,0
1-3min视频,919,0.062284,0.259259,,0.507937,17.71714,68,1,0,12,5,0,20,晚上(18-24点),0.07399347116430903,0.0,0.001088139281828074,0.013057671381936888,0.0,0
3-5min视频,3265,0.041653,0.479393,0.075286,0.358028,37.082703,200,31,9,48,59,2,21,晚上(18-24点),0.06125574272588055,0.0027565084226646246,0.009494640122511486,0.014701378254211332,0.0006125574272588055,0
5min+视频,1371,0.032432,0.354864,0.268908,0.42504,27.472597,76,5,3,16,7,1,21,晚上(18-24点),0.055433989788475566,0.002188183807439825,0.0036469730123997084,0.011670313639679067,0.0007293946024799417,0
3-5min视频,714,0.065705,0.32964,0.260163,0.473684,22.618457,35,1,0,2,7,1,15,下午(12-18点),0.049019607843137254,0.0,0.0014005602240896359,0.0028011204481792717,0.0014005602240896359,0
1-3min视频,1124,0.054422,0.274755,,0.447814,13.973286,63,3,6,14,5,0,15,下午(12-18点),0.05604982206405694,0.005338078291814947,0.0026690391459074734,0.012455516014234875,0.0,0
1-3min视频,1054,0.058166,0.292949,,0.433962,15.39505,65,3,0,12,8,0,14,下午(12-18点),0.061669829222011384,0.0,0.0028462998102466793,0.011385199240986717,0.0,0
1-3min视频,1260,0.073294,0.363498,,0.419011,17.377559,67,2,1,21,8,1,22,晚上(18-24点),0.05317460317460317,0.0007936507936507937,0.0015873015873015873,0.016666666666666666,0.0007936507936507937,0
1min-视频,1959,0.11952,0.383018,,0.41809,11.631531,83,1,6,12,30,0,14,下午(12-18点),0.042368555385400714,0.0030627871362940277,0.0005104645227156713,0.006125574272588055,0.0,0
1min-视频,1204,0.126246,0.306468,,0.503483,12.310277,57,10,2,24,10,0,10,上午(6-12点),0.0473421926910299,0.0016611295681063123,0.008305647840531562,0.019933554817275746,0.0,0
1min-视频,3849,0.088293,0.200614,,0.473725,3.965583,209,9,1,46,69,0,0,凌晨(0-6点),0.05429981813458041,0.0002598077422707197,0.002338269680436477,0.011951156144453105,0.0,0
1min-视频,1367,0.07917,0.24912,,0.540464,10.170629,82,2,4,21,11,1,22,晚上(18-24点),0.05998536942209217,0.002926115581565472,0.001463057790782736,0.015362106803218726,0.000731528895391368,0
1-3min视频,447,0.055402,0.23057,,0.564767,14.278351,15,0,0,6,7,0,20,晚上(18-24点),0.03355704697986577,0.0,0.0,0.013422818791946308,0.0,0
3-5min视频,1489,0.038842,0.375474,0.28,0.442478,17.662879,95,6,3,30,20,1,11,上午(6-12点),0.06380120886501008,0.0020147750167897917,0.004029550033579583,0.020147750167897917,0.000671591672263264,0
3-5min视频,2640,0.027789,0.381661,0.261084,0.420761,18.977916,173,11,7,46,41,2,13,下午(12-18点),0.06553030303030304,0.0026515151515151517,0.004166666666666667,0.017424242424242425,0.0007575757575757576,0
3-5min视频,877,0.058824,0.253823,0.233129,0.565749,17.89039,32,2,4,7,11,1,15,下午(12-18点),0.036488027366020526,0.004561003420752566,0.002280501710376283,0.00798175598631699,0.0011402508551881414,0
5min+视频,1571,0.041001,0.390679,0.284264,0.396433,35.75711,94,6,2,29,24,1,20,晚上(18-24点),0.05983450031826862,0.001273074474856779,0.0038192234245703373,0.018459579885423297,0.0006365372374283895,0
1-3min视频,1483,0.051834,0.292937,,0.437918,13.800589,80,4,4,19,17,1,13,下午(12-18点),0.05394470667565745,0.0026972353337828725,0.0026972353337828725,0.012811867835468645,0.0006743088334457181,0
1-3min视频,1209,0.06954,0.271639,,0.465009,16.362306,32,4,2,6,11,1,22,晚上(18-24点),0.026468155500413565,0.0016542597187758478,0.0033085194375516956,0.004962779156327543,0.0008271298593879239,0
3-5min视频,90077,0.082703,0.451648,0.071584,0.33924,33.08816,7094,810,692,2779,4981,445,8,上午(6-12点),0.07875484307869933,0.007682316240549752,0.008992306582146385,0.03085138270590717,0.004940217813648323,1
1-3min视频,1702,0.048437,0.321647,,0.468559,16.581395,61,2,10,13,22,2,20,晚上(18-24点),0.035840188014101056,0.005875440658049354,0.0011750881316098707,0.00763807285546416,0.0011750881316098707,0
1min-视频,3049,0.091398,0.361786,,0.394944,10.366069,152,5,1,31,26,2,22,晚上(18-24点),0.0498524106264349,0.00032797638570022957,0.0016398819285011479,0.010167267956707117,0.0006559527714004591,0
1-3min视频,740,0.043941,0.248455,,0.508035,10.633129,11,0,4,3,11,1,20,晚上(18-24点),0.014864864864864866,0.005405405405405406,0.0,0.004054054054054054,0.0013513513513513514,0
3-5min视频,1506,0.032006,0.290569,0.276316,0.475728,16.099242,28,0,1,13,16,4,19,晚上(18-24点),0.01859229747675963,0.0006640106241699867,0.0,0.008632138114209827,0.0026560424966799467,0
3-5min视频,826,0.107801,0.37486,0.526316,0.393939,41.425223,26,1,2,5,13,1,19,晚上(18-24点),0.031476997578692496,0.002421307506053269,0.0012106537530266344,0.006053268765133172,0.0012106537530266344,0
1-3min视频,2357,0.059029,0.343919,,0.444617,16.398537,98,8,6,36,17,2,21,晚上(18-24点),0.0415782774713619,0.002545608824777259,0.0033941450997030122,0.015273652948663556,0.0008485362749257531,0
1-3min视频,61915,0.171861,0.584407,,0.259944,39.824889,1842,370,1711,342,1709,22,23,晚上(18-24点),0.029750464346281192,0.02763466042154567,0.005975934749253008,0.005523701849309537,0.00035532584995558424,1
1-3min视频,1365,0.124173,0.394888,,0.428115,21.732951,51,10,1,11,20,3,22,晚上(18-24点),0.03736263736263736,0.0007326007326007326,0.007326007326007326,0.00805860805860806,0.002197802197802198,0
3-5min视频,1216,0.056689,0.370935,0.334043,0.408537,26.520645,72,6,5,16,6,3,23,晚上(18-24点),0.05921052631578947,0.004111842105263158,0.004934210526315789,0.013157894736842105,0.0024671052631578946,0
1min-视频,3298,0.086008,0.253218,,0.474505,4.893554,124,7,10,27,165,2,19,晚上(18-24点),0.03759854457246816,0.0030321406913280777,0.002122498483929654,0.00818677986658581,0.0006064281382656155,0
1min-视频,158141,0.274733,0.487819,,0.286253,8.076941,9984,596,969,1676,3566,382,23,晚上(18-24点),0.06313353273344674,0.006127443231040653,0.0037687886126937355,0.010598137105494464,0.002415565855786924,1
3-5min视频,1650,0.076972,0.423619,0.562295,0.368364,33.657482,61,4,4,12,18,8,21,晚上(18-24点),0.03696969696969697,0.0024242424242424242,0.0024242424242424242,0.007272727272727273,0.0048484848484848485,0
1-3min视频,1901,0.101449,0.36406,,0.379596,24.618679,102,5,6,28,25,8,18,晚上(18-24点),0.05365597054182009,0.003156233561283535,0.0026301946344029457,0.014729089952656496,0.004208311415044713,0
1-3min视频,2072,0.124119,0.398118,,0.360471,27.292683,121,12,3,29,24,13,12,下午(12-18点),0.0583976833976834,0.0014478764478764478,0.005791505791505791,0.013996138996138996,0.006274131274131274,0
3-5min视频,1168,0.107241,0.438389,0.431873,0.35387,27.695755,26,1,1,14,11,8,22,晚上(18-24点),0.02226027397260274,0.0008561643835616438,0.0008561643835616438,0.011986301369863013,0.00684931506849315,0
3-5min视频,2594,0.080137,0.472521,0.965517,0.334176,30.861417,128,15,1,37,34,14,21,晚上(18-24点),0.04934464148033924,0.00038550501156515033,0.005782575173477255,0.014263685427910563,0.005397070161912105,0
3-5min视频,6848,0.045467,0.357453,0.59405,0.40215,25.069824,395,30,26,146,48,12,0,凌晨(0-6点),0.05768107476635514,0.003796728971962617,0.004380841121495327,0.021320093457943924,0.0017523364485981308,0
5min+视频,742620,0.061221,0.587615,0.202525,0.27163,45.481537,47086,10961,1975,18307,15802,3184,0,凌晨(0-6点),0.06340524090382699,0.002659502841291643,0.014759904123239341,0.024651908109127145,0.004287522555277262,1
1-3min视频,26199,0.053979,0.488097,,0.329572,23.513805,2116,243,98,958,375,66,23,晚上(18-24点),0.08076644146723157,0.003740600786289553,0.009275163174166953,0.036566281155769306,0.0025191801213786786,1
5min+视频,2277,0.064177,0.403909,0.391823,0.375989,40.577943,140,16,4,58,31,5,21,晚上(18-24点),0.061484409310496264,0.001756697408871322,0.007026789635485288,0.025472112428634168,0.0021958717610891525,0
1-3min视频,9841,0.05681,0.398404,,0.37766,14.86117,475,66,17,155,60,2,22,晚上(18-24点),0.04826745249466518,0.001727466720861701,0.006706635504521898,0.015750431866680216,0.000203231378924906,0
1-3min视频,20316,0.030862,0.386572,,0.368066,14.768782,1391,107,30,696,123,25,22,晚上(18-24点),0.06846820240204765,0.0014766686355581807,0.0052667848001575115,0.034258712344949795,0.001230557196298484,0
5min+视频,5337,0.048222,0.486436,0.45098,0.337742,31.204137,235,43,4,93,47,4,13,下午(12-18点),0.04403222784335769,0.0007494847292486415,0.008056960839422896,0.017425519955030916,0.0007494847292486415,0
3-5min视频,66728,0.13331,0.586077,0.140204,0.288444,44.453284,1153,101,6,453,614,41,21,晚上(18-24点),0.01727910322503297,8.991727610598249e-05,0.001513607481117372,0.006788754346001679,0.0006144347200575471,1
5min+视频,3737,0.050159,0.451957,0.394937,0.350788,28.414845,227,22,3,91,60,3,10,上午(6-12点),0.06074391222906075,0.0008027829810008028,0.005887075194005887,0.024351083757024352,0.0008027829810008028,0
1min-视频,4516,0.119472,0.470695,,0.398733,10.524553,306,22,2,117,35,5,9,上午(6-12点),0.06775907883082374,0.0004428697962798937,0.00487156775907883,0.02590788308237378,0.0011071744906997344,0
1min-视频,2312,0.0895,0.260052,,0.505188,13.782101,133,15,1,42,14,4,20,晚上(18-24点),0.057525951557093426,0.00043252595155709344,0.006487889273356401,0.018166089965397925,0.0017301038062283738,0
1-3min视频,2602,0.052556,0.345106,,0.416507,14.424568,163,20,1,47,28,3,11,上午(6-12点),0.06264411990776327,0.0003843197540353574,0.007686395080707148,0.0180630284396618,0.0011529592621060721,0
3-5min视频,3280,0.040711,0.402491,0.268371,0.419806,27.211725,206,7,1,81,19,1,21,晚上(18-24点),0.06280487804878049,0.0003048780487804878,0.002134146341463415,0.024695121951219513,0.0003048780487804878,0
1-3min视频,2285,0.093327,0.387225,,0.426432,15.291189,89,4,0,25,21,0,19,晚上(18-24点),0.03894967177242888,0.0,0.00175054704595186,0.010940919037199124,0.0,0
5min+视频,6568,0.018214,0.405138,0.334437,0.32792,24.067474,198,29,2,70,37,3,21,晚上(18-24点),0.030146163215590743,0.0003045066991473812,0.004415347137637028,0.010657734470158343,0.00045676004872107184,0
1-3min视频,22706,0.068703,0.509341,,0.352001,21.589118,985,69,8,383,159,12,9,上午(6-12点),0.043380604245573856,0.00035232978067471153,0.003038844358319387,0.016867788249801813,0.0005284946710120673,0
1-3min视频,6419,0.029366,0.398288,,0.356106,13.569311,368,33,2,147,28,5,15,下午(12-18点),0.05732980214986758,0.0003115750116840629,0.005140987692787038,0.022900763358778626,0.0007789375292101573,0
1-3min视频,5755,0.027044,0.3974,,0.404457,12.656639,384,30,4,154,91,2,23,晚上(18-24点),0.06672458731537793,0.0006950477845351868,0.005212858384013901,0.02675933970460469,0.0003475238922675934,0
1-3min视频,88571,0.055934,0.465671,,0.359846,20.661293,3680,346,88,2073,854,52,9,上午(6-12点),0.0415485881383297,0.000993553194612232,0.003906470515179912,0.023404951959444965,0.000587099614998137,1
1-3min视频,190669,0.083786,0.572101,,0.287111,30.444404,3714,357,57,1535,1880,153,17,下午(12-18点),0.019478782602310812,0.0002989473905039624,0.0018723547089458696,0.008050600779361091,0.0008024377324053727,1
3-5min视频,23137,0.0125,0.564059,0.174757,0.30353,21.268596,428,63,5,163,118,5,11,上午(6-12点),0.018498508881877512,0.00021610407572286814,0.0027229113541081384,0.0070449928685655016,0.00021610407572286814,0
1-3min视频,2438,0.049532,0.316376,,0.412791,14.704457,186,17,1,70,12,0,10,上午(6-12点),0.07629204265791632,0.00041017227235438887,0.00697292863002461,0.02871205906480722,0.0,0
1min-视频,4732,0.125738,0.47146,,0.323253,14.504106,156,11,4,38,32,2,13,下午(12-18点),0.03296703296703297,0.0008453085376162299,0.002324598478444632,0.008030431107354184,0.00042265426880811494,0
1-3min视频,42421,0.053117,0.504619,,0.330233,18.104803,1428,117,7,702,212,18,14,下午(12-18点),0.03366257278234837,0.00016501261167817827,0.002758067938049551,0.016548407628297304,0.00042431814431531553,1
3-5min视频,130259,0.031371,0.522605,0.343493,0.305245,23.288274,4372,1362,46,1670,751,61,9,上午(6-12点),0.033563899615381663,0.0003531425851572636,0.010456091325743327,0.012820611243752831,0.00046829777596941476,1
3-5min视频,1966,0.059222,0.419202,0.347349,0.372549,30.527383,112,5,2,25,16,2,9,上午(6-12点),0.056968463886063074,0.001017293997965412,0.00254323499491353,0.01271617497456765,0.001017293997965412,0
3-5min视频,4534,0.049554,0.373816,0.06806,0.35449,19.956044,308,30,2,136,43,3,22,晚上(18-24点),0.06793118659020732,0.0004411116012351125,0.0066166740185266875,0.02999558888398765,0.0006616674018526688,0
1min-视频,1216352,0.10526,0.51289,,0.278557,16.579982,17556,11642,2435,4770,6049,234,20,晚上(18-24点),0.014433321933124622,0.002001887611480887,0.009571242535055641,0.00392156217936913,0.0001923785220067875,1
1-3min视频,6428,0.084836,0.442628,,0.349933,20.753262,357,32,3,212,58,5,20,晚上(18-24点),0.05553827006845053,0.0004667081518357187,0.004978220286247666,0.03298070939639079,0.0007778469197261979,0
5min+视频,118916,0.02227,0.596305,0.075938,0.275036,34.661537,2153,932,702,406,1699,65,9,上午(6-12点),0.01810521712805678,0.005903326718019442,0.007837465101416126,0.003414174711561102,0.0005466043257425409,1
1-3min视频,6926,0.057224,0.407847,,0.3651,15.365832,470,44,2,218,28,5,22,晚上(18-24点),0.06786023678891134,0.00028876696505919725,0.006352873231302339,0.0314755991914525,0.0007219174126479931,0
1min-视频,11199,0.133585,0.39175,,0.37649,11.703147,507,63,2,222,39,5,23,晚上(18-24点),0.045271899276721136,0.0001785873738726672,0.005625502276989017,0.01982319849986606,0.000446468434681668,0
1-3min视频,33584,0.086676,0.476807,,0.358002,25.454717,2022,200,12,686,227,25,22,晚上(18-24点),0.06020724154359219,0.00035731300619342544,0.005955216769890424,0.020426393520724156,0.000744402096236303,1
1min-视频,15670,0.138295,0.382293,,0.391613,10.306794,947,86,6,334,196,9,21,晚上(18-24点),0.060433950223356736,0.00038289725590299936,0.005488194001276325,0.021314613911933632,0.000574345883854499,0
5min+视频,4358,0.057076,0.395244,0.250467,0.385018,31.741023,225,22,4,93,41,3,10,上午(6-12点),0.05162918770078018,0.0009178522257916476,0.005048187241854061,0.021340064249655805,0.0006883891693437356,0
1-3min视频,8206,0.093667,0.500303,,0.336364,28.057576,383,43,2,135,59,4,14,下午(12-18点),0.04667316597611504,0.00024372410431391665,0.0052400682427492075,0.016451377041189374,0.0004874482086278333,0
1min-视频,3510,0.185025,0.355664,,0.451525,10.615468,146,17,1,52,33,0,16,下午(12-18点),0.041595441595441596,0.0002849002849002849,0.004843304843304843,0.014814814814814815,0.0,0
1-3min视频,5524,0.108493,0.395822,,0.34943,15.855941,347,36,2,137,33,3,9,上午(6-12点),0.06281679942070963,0.0003620564808110065,0.0065170166545981175,0.024800868935553947,0.0005430847212165098,0
1-3min视频,2899,0.126949,0.471988,,0.361428,17.919187,147,19,0,49,15,0,9,上午(6-12点),0.05070714039323905,0.0,0.006553984132459468,0.016902380131079683,0.0,0
5min+视频,1835,0.102081,0.450027,0.23487,0.350628,56.239214,36,7,6,20,17,1,16,下午(12-18点),0.019618528610354225,0.0032697547683923707,0.0038147138964577656,0.010899182561307902,0.0005449591280653951,0
1-3min视频,9797,0.077395,0.374194,,0.35506,15.031208,596,79,8,261,64,4,17,下午(12-18点),0.060834949474328874,0.0008165765030111259,0.008063692967234868,0.02664080841073798,0.00040828825150556294,0
1min-视频,113213,0.20937,0.504359,,0.280823,17.488559,4201,724,80,1450,654,53,17,下午(12-18点),0.03710704601061716,0.0007066326305282962,0.006395025306281081,0.012807716428325368,0.00046814411772499624,1
1-3min视频,72573,0.070175,0.48874,,0.31984,21.641434,3406,490,37,1360,505,42,16,下午(12-18点),0.046932054620864506,0.0005098314800270073,0.006751822303060367,0.018739751698289998,0.0005787276259766028,1
1-3min视频,3425,0.095394,0.422004,,0.34591,18.110336,159,8,3,70,15,3,10,上午(6-12点),0.046423357664233576,0.0008759124087591241,0.0023357664233576644,0.020437956204379562,0.0008759124087591241,0
3-5min视频,4650,0.085152,0.438768,0.224961,0.366141,30.52016,249,28,4,85,38,4,10,上午(6-12点),0.053548387096774196,0.0008602150537634409,0.006021505376344086,0.01827956989247312,0.0008602150537634409,0
1-3min视频,2866,0.186981,0.407654,,0.39878,20.000555,105,6,2,38,8,1,21,晚上(18-24点),0.0366364270760642,0.0006978367062107466,0.00209351011863224,0.013258897418004187,0.0003489183531053733,0
3-5min视频,1416,0.159956,0.456929,0.375,0.374532,62.311798,57,5,1,18,3,0,10,上午(6-12点),0.04025423728813559,0.0007062146892655367,0.0035310734463276836,0.012711864406779662,0.0,0
1min-视频,22667,0.150959,0.449805,,0.318367,16.979044,1259,185,11,474,167,18,22,晚上(18-24点),0.05554330083381127,0.0004852869810738077,0.008161644681695857,0.02091145718445317,0.0007941059690298672,0
3-5min视频,7173,0.144794,0.482012,0.223944,0.347538,43.873908,451,114,6,210,33,4,16,下午(12-18点),0.06287466889725359,0.000836470096194061,0.01589293182768716,0.029276453366792136,0.0005576467307960407,0
5min+视频,7107,0.06978,0.421096,0.577381,0.366979,38.502203,481,59,5,225,64,6,18,晚上(18-24点),0.0676797523568313,0.0007035317292809906,0.008301674405515689,0.031658927817644573,0.0008442380751371887,0
5min+视频,3394,0.120537,0.43707,0.554517,0.35191,63.563557,219,12,3,77,48,1,23,晚上(18-24点),0.06452563347083087,0.0008839127872716559,0.0035356511490866236,0.022687094873305835,0.0002946375957572186,0
3-5min视频,5048,0.099716,0.479633,0.362903,0.347244,35.46865,292,29,7,145,30,6,20,晚上(18-24点),0.05784469096671949,0.0013866877971473852,0.005744849445324881,0.028724247226624405,0.0011885895404120444,0
5min+视频,6417,0.059793,0.475182,0.146104,0.332197,62.045044,374,41,6,199,60,8,21,晚上(18-24点),0.058282686613682404,0.0009350163627863488,0.00638927847904005,0.0310113760324139,0.0012466884837151317,0
1-3min视频,93010,0.084504,0.485782,,0.314373,27.739543,6914,859,146,2726,1009,166,14,下午(12-18点),0.07433609289323728,0.0015697236856252017,0.009235566068164714,0.029308676486399312,0.0017847543274916676,1
1-3min视频,5162,0.120247,0.466363,,0.371912,30.568605,311,41,3,133,71,11,8,上午(6-12点),0.0602479659046881,0.000581170089112747,0.007942657884540875,0.02576520728399845,0.0021309569934134056,0
1-3min视频,7795,0.135742,0.508588,,0.331396,31.646649,448,41,2,172,78,8,21,晚上(18-24点),0.05747273893521488,0.0002565747273893522,0.005259781911481719,0.022065426555484286,0.0010262989095574087,0
1min-视频,5798,0.203649,0.463876,,0.337156,15.624427,346,61,4,114,34,3,18,晚上(18-24点),0.0596757502587099,0.0006898930665746809,0.010520869265263884,0.019661952397378408,0.0005174197999310107,0
3-5min视频,2721,0.188304,0.502107,0.439614,0.320927,70.176615,125,19,3,55,24,3,21,晚上(18-24点),0.04593899301727306,0.0011025358324145535,0.006982726938625505,0.020213156927600145,0.0011025358324145535,0
3-5min视频,109262,0.072415,0.489437,0.087055,0.312702,25.570839,8693,1094,331,3208,1454,183,21,晚上(18-24点),0.07956105507861837,0.0030294155333052664,0.01001263019164943,0.029360619428529588,0.0016748732404678662,1
3-5min视频,40477,0.082055,0.478785,0.653892,0.333289,30.789206,2347,297,26,984,494,45,14,下午(12-18点),0.05798354621142871,0.000642340094374583,0.007337500308817353,0.024310102033253452,0.0011117424710329323,1
1-3min视频,6192,0.165098,0.447757,,0.355306,34.242341,379,61,5,163,49,5,23,晚上(18-24点),0.061208010335917315,0.0008074935400516795,0.00985142118863049,0.026324289405684754,0.0008074935400516795,0
5min+视频,123129,0.061808,0.575686,0.419355,0.300056,45.825899,6989,1198,106,2677,1702,232,22,晚上(18-24点),0.05676160774472301,0.0008608857377222263,0.00972963314897384,0.021741425659267923,0.0018842027467127972,1
1-3min视频,9076,0.111289,0.4646,,0.355363,17.584005,570,111,5,202,78,7,12,下午(12-18点),0.0628029969149405,0.0005509034817100044,0.012230057293962098,0.02225650066108418,0.0007712648743940062,0
1-3min视频,4546,0.114943,0.477931,,0.369148,26.353099,390,41,7,164,43,9,12,下午(12-18点),0.08578970523537176,0.0015398152221733391,0.009018917729872416,0.03607567091948966,0.001979762428508579,0
5min+视频,2000,0.090042,0.432374,1.0,0.36067,44.498927,53,9,3,28,15,0,22,晚上(18-24点),0.0265,0.0015,0.0045,0.014,0.0,0
1-3min视频,2347,0.133151,0.412063,,0.383978,27.837017,138,12,2,51,18,5,19,晚上(18-24点),0.0587984661269706,0.0008521516829995739,0.0051129100979974435,0.021729867916489135,0.0021303792074989347,0
3-5min视频,2211,0.12578,0.480587,0.03005,0.348145,39.261001,123,12,0,44,22,7,11,上午(6-12点),0.05563093622795115,0.0,0.005427408412483039,0.01990049751243781,0.003165988240615106,0
1min-视频,507242,0.109834,0.568555,,0.278852,14.0726,48300,4840,3385,14176,15538,3298,19,晚上(18-24点),0.09522082161966083,0.006673343295705009,0.00954179661778796,0.027947212573091344,0.006501827530054688,1
1-3min视频,71392,0.068406,0.581695,,0.297112,21.461655,1391,531,76,359,232,11,19,晚上(18-24点),0.01948397579560735,0.0010645450470640968,0.007437808157776782,0.005028574630210668,0.00015407888839085612,1
3-5min视频,3544,0.145324,0.407546,0.226103,0.419782,39.123385,191,16,5,77,30,2,19,晚上(18-24点),0.05389390519187359,0.0014108352144469526,0.004514672686230248,0.02172686230248307,0.000564334085778781,0
1-3min视频,2729,0.099515,0.441275,,0.377517,29.566695,167,12,3,77,27,6,23,晚上(18-24点),0.061194576768046904,0.0010993037742762918,0.004397215097105167,0.028215463539758154,0.0021986075485525836,0
1min-视频,3528,0.175283,0.475198,,0.36844,18.968368,178,11,0,70,24,3,9,上午(6-12点),0.05045351473922902,0.0,0.0031179138321995466,0.01984126984126984,0.0008503401360544217,0
5min+视频,6522,0.103885,0.506022,0.144596,0.318937,62.24647,326,52,2,124,57,4,9,上午(6-12点),0.04998466727997547,0.00030665440049064706,0.007973014412756822,0.019012572830420117,0.0006133088009812941,0
5min+视频,4224,0.111209,0.48533,0.156854,0.330465,68.046768,240,38,7,105,71,6,11,上午(6-12点),0.056818181818181816,0.0016571969696969697,0.008996212121212122,0.024857954545454544,0.0014204545454545455,0
1min-视频,708,0.071429,0.25066,,0.562005,8.828496,17,0,0,1,11,0,10,上午(6-12点),0.02401129943502825,0.0,0.0,0.0014124293785310734,0.0,0
1-3min视频,4001,0.165387,0.493188,,0.336512,26.003542,177,23,2,47,40,1,11,上午(6-12点),0.04423894026493377,0.0004998750312421895,0.005748562859285179,0.011747063234191453,0.00024993751562109475,0
5min+视频,3311,0.107256,0.400534,0.359551,0.417,51.570984,123,5,3,41,20,1,11,上午(6-12点),0.037148897614013895,0.000906070673512534,0.0015101177891875567,0.012382965871337965,0.0003020235578375113,0
3-5min视频,2151,0.179448,0.452654,0.337815,0.386837,49.236943,92,8,1,28,45,4,0,凌晨(0-6点),0.04277080427708043,0.00046490004649000463,0.003719200371920037,0.01301720130172013,0.0018596001859600185,0
1-3min视频,6204,0.134642,0.443901,,0.379398,26.130375,290,17,10,91,58,4,10,上午(6-12点),0.04674403610573823,0.0016118633139909735,0.002740167633784655,0.01466795615731786,0.0006447453255963894,0
1-3min视频,6692,0.106503,0.359975,,0.454216,18.876023,454,42,1,190,74,7,11,上午(6-12点),0.06784219964136282,0.00014943215780035862,0.006276150627615063,0.02839210998206814,0.0010460251046025104,0
1min-视频,254639,0.136494,0.475104,,0.304425,15.274484,8943,1855,321,2823,3691,200,9,上午(6-12点),0.03512030757268132,0.0012606081550744386,0.007284822827610853,0.011086282933878942,0.0007854256417909276,1
1-3min视频,881125,0.057299,0.510291,,0.322436,19.798448,58720,14276,1354,19313,16231,1166,10,上午(6-12点),0.06664207689033906,0.0015366718683501206,0.016202014470137607,0.021918570009930485,0.0013233082706766918,1
1min-视频,100058,0.211204,0.447492,,0.417326,13.386056,3308,118,36,538,451,41,18,晚上(18-24点),0.033060824721661435,0.0003597913210338004,0.0011793159967219012,0.005376881408782906,0.00040976233784405046,1
1min-视频,31162,0.141798,0.405325,,0.420591,11.658683,1367,144,10,505,500,27,20,晚上(18-24点),0.043867530967203645,0.0003209036647198511,0.004621012771965856,0.01620563506835248,0.000866439894743598,1
1min-视频,17569,0.203156,0.47762,,0.341518,16.778078,372,27,1,94,37,6,21,晚上(18-24点),0.021173658147874096,5.691843588138198e-05,0.0015367977687973135,0.005350332972849906,0.0003415106152882919,0
1min-视频,115722,0.081316,0.445771,,0.368344,9.972796,5390,471,21,1922,1240,99,21,晚上(18-24点),0.04657714177079553,0.00018146938352257998,0.0040700990304350084,0.016608769291923748,0.0008554985223207342,1
1min-视频,13111,0.122354,0.431223,,0.361024,14.388116,368,19,1,132,81,12,21,晚上(18-24点),0.02806803447486843,7.627183281214248e-05,0.001449164823430707,0.010067881931202807,0.0009152619937457097,0
1-3min视频,5188,0.180262,0.347761,,0.431328,20.36069,227,29,2,81,47,9,15,下午(12-18点),0.043754818812644564,0.00038550501156515033,0.00558982266769468,0.01561295296838859,0.0017347725520431765,0
3-5min视频,45822,0.058705,0.551411,0.10769,0.308444,29.258843,1118,199,8,499,216,20,16,下午(12-18点),0.024398760420758586,0.00017458862555104536,0.004342892060582253,0.010889965518746453,0.00043647156387761335,1
5min+视频,170837,0.023382,0.540375,0.559567,0.322103,77.288305,6648,534,64,2637,1743,108,11,上午(6-12点),0.0389142867177485,0.00037462610558602644,0.003125786568483408,0.015435766256724246,0.0006321815531764196,1
5min+视频,100437,0.039671,0.544804,0.19794,0.293041,46.95267,2802,255,26,1124,801,63,16,下午(12-18点),0.027898085366946445,0.00025886874359050947,0.002538904985214612,0.011191094915220487,0.0006272588787000807,1
1-3min视频,116830,0.030121,0.373807,,0.350749,11.640061,6035,467,225,2096,1422,87,9,上午(6-12点),0.05165625267482667,0.0019258752032868271,0.0039972609774886585,0.017940597449285285,0.0007446717452709064,1
1min-视频,14270,0.164265,0.48657,,0.294883,11.468401,336,44,1,89,29,3,10,上午(6-12点),0.023545900490539593,7.00770847932726e-05,0.0030833917309039944,0.006236860546601261,0.0002102312543798178,0
1-3min视频,49114,0.072634,0.517903,,0.314444,14.669346,442,659,6,96,199,7,13,下午(12-18点),0.008999470619375331,0.00012216475953903165,0.013417762756036976,0.0019546361526245064,0.00014252555279553692,1
3-5min视频,157318,0.04632,0.5546,0.175432,0.277513,32.190993,2223,438,42,640,939,61,9,上午(6-12点),0.014130614424287112,0.00026697517130906825,0.0027841696436517118,0.004068193086614373,0.00038774965356793247,1
3-5min视频,299846,0.036469,0.528091,0.229561,0.314177,29.480343,6813,815,57,2355,2732,166,10,上午(6-12点),0.022721663787410872,0.00019009758342615875,0.0027180619384617436,0.007854031736291296,0.0005536175236621466,1
3-5min视频,164428,0.031963,0.387326,0.402116,0.393516,17.836978,5446,731,83,2672,2607,102,8,上午(6-12点),0.03312087965553312,0.0005047802077505048,0.004445714841754446,0.01625027367601625,0.0006203323035006204,1
3-5min视频,278793,0.054948,0.478513,0.410783,0.316682,23.411083,17311,2014,135,7389,3255,391,11,上午(6-12点),0.06209266373259013,0.00048423023533589437,0.007223997733085121,0.026503534880717952,0.0014024742371580349,1
3-5min视频,9214,0.093384,0.436876,0.325328,0.372987,40.156483,383,36,4,153,98,16,15,下午(12-18点),0.04156718037768613,0.0004341219882787063,0.003907097894508357,0.016605166051660517,0.0017364879531148252,0
1-3min视频,1645319,0.062742,0.482476,,0.302053,18.895593,63704,20204,3816,17973,78805,1088,15,下午(12-18点),0.03871832757051976,0.002319307076621616,0.01227968558072933,0.010923717528333411,0.000661269942181425,1
